Model,ROC-AUC,Accuracy,Precision,Recall,F1-Score,Gini,KS-Statistic
Random Forest,0.5201470026727758,0.6313333333333333,0.0347985347985348,0.4222222222222222,0.06429780033840947,0.04029400534555161,0.08568155784650627
Logistic Regression,0.5139786177930508,0.562,0.03211009174311927,0.4666666666666667,0.060085836909871244,0.027957235586101525,0.08006872852233671
Hist Gradient Boosting,0.5014051164566629,0.49066666666666664,0.030065359477124184,0.5111111111111111,0.056790123456790124,0.0028102329133257165,0.04856815578465057
Xgboost,0.4919835815196639,0.036333333333333336,0.030191211003019122,1.0,0.058612829697167045,-0.016032836960672148,0.05658648339060707
Knn,0.4820714012982054,0.6813333333333333,0.02832244008714597,0.28888888888888886,0.051587301587301584,-0.03585719740358917,0.031042382588774342
